{"metadata":{"asset_id":"6139d218-7503-414c-a7fb-277bf9592a79","asset_attributes":["notebook"],"name":"jupyter-labs-eda-dataviz","asset_type":"notebook","created_at":"2022-04-15T02:00:11Z","description":"","origin_country":"us","owner_id":"IBMid-665001JKIK","project_id":"e257cb3f-8398-46ad-83d8-dbd4c62e00a9","size":217073,"tags":["notebook"],"usage":{"last_update_time":1650077387505,"last_updated_at":"2022-04-16T02:49:47Z"}},"entity":{"notebook":{"kernel":{"name":"python3","display_name":"Python 3.9","language":"python"},"originates_from":{"type":"blank"},"runtime":{"environment":"conda2rt221"}},"location_definition":{"physical_location_code":"DAL","physical_location_code_assigned_by":"IBMid-665001JKIK","physical_location_code_rds_id":"c57cb90f-2126-3800-9c9f-9eab82021cdf","physical_location_code_rds_version":"test_version_noop","physical_location_code_assignment_method":"INFERRED","physical_location_code_added_on":"1649384593654"}},"attachments":[{"id":"e8cf9ea6-31bd-4bf2-a1a2-fba5acd1e613","version":2,"asset_type":"notebook","name":"attachment for notebook 6139d218-7503-414c-a7fb-277bf9592a79","description":"attachment for notebook 6139d218-7503-414c-a7fb-277bf9592a79","mime":"application/json","datasource_type":"193a97c1-4475-4a19-b90c-295c4fdc6517","object_key":"notebook/jupyter-labs-eda-dataviz_OvVCsIxXt.ipynb","creator_id":"IBMid-665001JKIK","create_time":1649988013185,"size":217073,"is_remote":false,"is_managed":false,"is_referenced":true,"is_object_key_read_only":false,"is_user_provided_path_key":true,"transfer_complete":true,"is_partitioned":false,"complete_time_ticks":1649988013185,"user_data":{},"test_doc":0,"handle":{"bucket":"pythonbasicfordatascienceproject-donotdelete-pr-9fdcyta1yqcre7","location":"us-geo","key":"notebook/jupyter-labs-eda-dataviz_OvVCsIxXt.ipynb","upload_id":"done","max_part_num":1},"usage":{"access_count":6,"last_accessor_id":"IBMid-665001JKIK","last_access_time":1649989276681,"last_updater_id":"IBMid-665001JKIK","last_update_time":1649989276681}}]}
