{"metadata":{"asset_id":"91bddbd1-1c3d-41e7-b58d-d7c4b339344c","asset_attributes":["notebook"],"name":"SpaceX_Machine Learning Prediction_Part_5","asset_type":"notebook","created_at":"2022-04-16T03:02:06Z","description":"","origin_country":"us","owner_id":"IBMid-665001JKIK","project_id":"e257cb3f-8398-46ad-83d8-dbd4c62e00a9","size":104435,"tags":["notebook"],"usage":{"last_update_time":1650078603510,"last_updated_at":"2022-04-16T03:10:03Z"}},"entity":{"notebook":{"kernel":{"name":"python3","display_name":"Python 3.9","language":"python"},"originates_from":{"type":"blank"},"runtime":{"environment":"conda2rt221"}},"location_definition":{"physical_location_code":"DAL","physical_location_code_assigned_by":"IBMid-665001JKIK","physical_location_code_rds_id":"c57cb90f-2126-3800-9c9f-9eab82021cdf","physical_location_code_rds_version":"test_version_noop","physical_location_code_assignment_method":"INFERRED","physical_location_code_added_on":"1649384593654"}},"attachments":[{"id":"aa63c3e7-4a58-4882-aedc-69e96459b05f","version":2,"asset_type":"notebook","name":"attachment for notebook 91bddbd1-1c3d-41e7-b58d-d7c4b339344c","description":"attachment for notebook 91bddbd1-1c3d-41e7-b58d-d7c4b339344c","mime":"application/json","datasource_type":"193a97c1-4475-4a19-b90c-295c4fdc6517","object_key":"notebook/SpaceX_Machine_Learning_Prediction_Part_5_tFYvTR_8k.ipynb","creator_id":"IBMid-665001JKIK","create_time":1650078127856,"size":104435,"is_remote":false,"is_managed":false,"is_referenced":true,"is_object_key_read_only":false,"is_user_provided_path_key":true,"transfer_complete":true,"is_partitioned":false,"complete_time_ticks":1650078127856,"user_data":{},"test_doc":0,"handle":{"bucket":"pythonbasicfordatascienceproject-donotdelete-pr-9fdcyta1yqcre7","location":"us-geo","key":"notebook/SpaceX_Machine_Learning_Prediction_Part_5_tFYvTR_8k.ipynb","upload_id":"done","max_part_num":1},"usage":{"access_count":5,"last_accessor_id":"IBMid-665001JKIK","last_access_time":1650078595588,"last_updater_id":"IBMid-665001JKIK","last_update_time":1650078595588}}]}
