{"metadata":{"asset_id":"9662d3ba-965e-433d-b290-a380de90f949","asset_attributes":["notebook"],"name":"jupyter-labs-webscraping","asset_type":"notebook","created_at":"2022-04-14T00:53:06Z","description":"","origin_country":"us","owner_id":"IBMid-665001JKIK","project_id":"e257cb3f-8398-46ad-83d8-dbd4c62e00a9","size":638159,"tags":["notebook"],"usage":{"last_update_time":1650077071538,"last_updated_at":"2022-04-16T02:44:31Z"}},"entity":{"notebook":{"kernel":{"name":"python3","display_name":"Python 3.9","language":"python"},"originates_from":{"type":"blank"},"runtime":{"environment":"conda2rt221"}},"location_definition":{"physical_location_code":"DAL","physical_location_code_assigned_by":"IBMid-665001JKIK","physical_location_code_rds_id":"c57cb90f-2126-3800-9c9f-9eab82021cdf","physical_location_code_rds_version":"test_version_noop","physical_location_code_assignment_method":"INFERRED","physical_location_code_added_on":"1649384593654"}},"attachments":[{"id":"aeac230c-6d93-4b99-bc8a-4ee5869144a2","version":2,"asset_type":"notebook","name":"attachment for notebook 9662d3ba-965e-433d-b290-a380de90f949","description":"attachment for notebook 9662d3ba-965e-433d-b290-a380de90f949","mime":"application/json","datasource_type":"193a97c1-4475-4a19-b90c-295c4fdc6517","object_key":"notebook/jupyter-labs-webscraping_ocB5zkpjW.ipynb","creator_id":"IBMid-665001JKIK","create_time":1649897587433,"size":638159,"is_remote":false,"is_managed":false,"is_referenced":true,"is_object_key_read_only":false,"is_user_provided_path_key":true,"transfer_complete":true,"is_partitioned":false,"complete_time_ticks":1649897587433,"user_data":{},"test_doc":0,"handle":{"bucket":"pythonbasicfordatascienceproject-donotdelete-pr-9fdcyta1yqcre7","location":"us-geo","key":"notebook/jupyter-labs-webscraping_ocB5zkpjW.ipynb","upload_id":"done","max_part_num":1},"usage":{"access_count":5,"last_accessor_id":"IBMid-665001JKIK","last_access_time":1649898424864,"last_updater_id":"IBMid-665001JKIK","last_update_time":1649898424864}}]}
