{"metadata":{"asset_id":"86024144-7a57-48f3-91b3-dceea5f4859c","asset_attributes":["notebook"],"name":"jupyter-labs-spacex-data-collection-api","asset_type":"notebook","created_at":"2022-04-14T00:20:48Z","description":"","origin_country":"us","owner_id":"IBMid-665001JKIK","project_id":"e257cb3f-8398-46ad-83d8-dbd4c62e00a9","size":442161,"tags":["notebook"],"usage":{"last_update_time":1650076841240,"last_updated_at":"2022-04-16T02:40:41Z"}},"entity":{"notebook":{"kernel":{"name":"python3","display_name":"Python 3.9","language":"python"},"originates_from":{"type":"blank"},"runtime":{"environment":"conda2rt221"}},"location_definition":{"physical_location_code":"DAL","physical_location_code_assigned_by":"IBMid-665001JKIK","physical_location_code_rds_id":"c57cb90f-2126-3800-9c9f-9eab82021cdf","physical_location_code_rds_version":"test_version_noop","physical_location_code_assignment_method":"INFERRED","physical_location_code_added_on":"1649384593654"}},"attachments":[{"id":"7facef56-d4a4-43ba-bf6c-f66284c54090","version":2,"asset_type":"notebook","name":"attachment for notebook 86024144-7a57-48f3-91b3-dceea5f4859c","description":"attachment for notebook 86024144-7a57-48f3-91b3-dceea5f4859c","mime":"application/json","datasource_type":"193a97c1-4475-4a19-b90c-295c4fdc6517","object_key":"notebook/jupyter-labs-spacex-data-collection-api_aBS0ZgA26.ipynb","creator_id":"IBMid-665001JKIK","create_time":1649895649237,"size":442161,"is_remote":false,"is_managed":false,"is_referenced":true,"is_object_key_read_only":false,"is_user_provided_path_key":true,"transfer_complete":true,"is_partitioned":false,"complete_time_ticks":1649895649237,"user_data":{},"test_doc":0,"handle":{"bucket":"pythonbasicfordatascienceproject-donotdelete-pr-9fdcyta1yqcre7","location":"us-geo","key":"notebook/jupyter-labs-spacex-data-collection-api_aBS0ZgA26.ipynb","upload_id":"done","max_part_num":1},"usage":{"access_count":8,"last_accessor_id":"IBMid-665001JKIK","last_access_time":1649900139645,"last_updater_id":"IBMid-665001JKIK","last_update_time":1649900139645}}]}
